{
    "loss": 23.087966918945312,
    "accuracy": 0.48201438784599304
}